1,,Condado,014-041-127-01,Privada,Solar,En desuso,4,Pacific,Ocean Park,805,Alvarez José Co José R. Jarabo,,,,Se Vende
2,,Condado,014-041-131-02,Privada,Solar,En desuso,2,Yardley Place ,Ocean Park,421,"EV Properties, Inc. ",,,,
3,,Condado,041-041-131-03,Privada,Solar,En desuso,3,Yardley Place ,Ocean Park,335,"EV Properties, Inc. ",,,,
4,,Condado,041-041-132-01,Privada,Edificada,En desuso,1858,Playa,Ocean Park,771,Alvarez José,,,,
5,,Condado,041-041-132-02,Privada,Solar,En desuso,,Gertrudis Esq. Playa,Ocean Park,439,Gallardo Rosales Ignacio L,,,,
6,,Condado,041-041-133-01,Privada,Edificada,En desuso,3,Gertrudis y Playa,Ocean Park,357,La Plage Inc. ,,,,
7,,Condado,041-041-133-24,Privada,Edificada,Permisología,5,Gertrudis,Ocean Park,653,La Plage Inc. ,,,,Rótulo
8,,Condado,041-041-133-02,Privada,Edificada,En desuso,902,Playa,Ocean Park,408,La Plage Inc. ,,,,
9,,Condado,041-041-133-03,Privada,Edificada,En desuso,2, Elena Esq. Playa ,Ocean Park,480,Maldonado Pizarro Zulma Esther,,,,
10,,Condado,041-041-134-01,Privada,Edificada,En desuso,1,Elena,Ocean Park,288.92,Desconocido,,,,
11,,Condado,041-041-134-22,Privada,Edificada,En desuso,3,Elena,Ocean Park,406.94,Desconocido,,,,
12,,Condado,041-041-134-02,Privada,Edificada,En desuso,2,Santa Ana,Ocean Park,766.91,Desconocido,,,,Se Vende
13,,Condado,041-032-136-03,Privada,Solar,En desuso,1957,Italia,Ocean Park,988,Copic Inc.,,,,
14,,Condado,041-042-153-14,Privada,Solar,En desuso,1 y 3,Rambla del Almirante,Ocean Park,1061.16,Desconocido,,,,
15,,Condado,041-043-155-01,Privada,Solar,Permisología,,Park Boulevard,Santa Teresita,584,Park Boulevard Inn. Corp. ,,,,Rótulo
16,,Condado,041-043-155-02,Privada,Edificada,Permisología,2152,Park Boulevard,Santa Teresita,421,Park Boulevard Inn. Corp. ,,,,Rótulo
17,,Condado,041-043-155-06,Privada,Solar,En desuso,2160,Park Boulevard,Santa Teresita,496,Deion Luwinn Sanders,,,,
18,,Rio Piedras,087-012-494-12,Privada,Edificada,En desuso,72,Reverendo Martínez Brunet,Rio Piedras Pueblo,,,CT-3,,,
19,,Rio Piedras,087-012-529-01,Privada,Edificada,En desuso,1051,Calle Brumbaugh esq. Robles,Rio Piedras Pueblo,,,CT-3,,,
20,,Rio Piedras,087-013-565-15,Privada,Edificada,En desuso,153,Arzuaga,Rio Piedras Pueblo,,,CR-H,,,
21,,Rio Piedras,087-013-565-16,Privada,Edificada,En desuso,1109,Vallejo esq. Arzuaga,Rio Piedras Pueblo,,,CT-2,,,
22,,Rio Piedras,087-013-567-07,Privada,Edificada,En desuso,,Paseo De Diego esq. Ave. Barbosa,Rio Piedras Pueblo,,,CT-2,,,
23,,Rio Piedras,087-002-467-25,Privada,Edificada,En desuso,1000,Ponce de León esq. Amalia Marín,Rio Piedras Pueblo,,,CR-H,,,
24,,Rio Piedras,087-012-528-23,Privada,Edificada,En desuso,1061,Ponce de León  ,Rio Piedras Pueblo,,,CR-H,,,
25,,Rio Piedras,087-012-337-03,Privada,Edificada,En desuso,1017,Ponce de León esq. Saldaña,Rio Piedras Pueblo,,,CT-3,,,
26,,Rio Piedras,087-012-527-31,Privada,Edificada,En desuso,1060,Ponce de León,Rio Piedras Pueblo,,,CR-H,,,Teatro Paradise
27,,Rio Piedras,087-012-559-12,Privada,Edificada,En desuso,1126,Ponce de León,Rio Piedras Pueblo,,,CR-H,,,13/14
28,,Rio Piedras,087-013-531-06,Privada,Edificada,En desuso,160,Parque,Rio Piedras Pueblo,,,CT-2,,,
29,,Rio Piedras,087-013-531-07,Privada,Edificada,En desuso,162,Parque,Rio Piedras Pueblo,,,CT-2,,,
30,,Rio Piedras,087-012-562-21,Privada,Edificada,En desuso,69,Arzuaga,Rio Piedras Pueblo,,,CR-H,,,
31,,Rio Piedras,087-013-565-19,Privada,Edificada,En desuso,73,Arzuaga,Rio Piedras Pueblo,,,CR-H,,,
32,,Rio Piedras,087-012-562-17,Privada,Edificada,En desuso,77,Arzuaga,Rio Piedras Pueblo,,,CT-2,,,
33,,Rio Piedras,087-013-563-13 ,Privada,Edificada,En desuso,101,Arzuaga,Rio Piedras Pueblo,,,CT-2,,,
34,,Rio Piedras,087-023-585-14 ,Privada,Edificada,En desuso,206,Arzuaga,Rio Piedras Pueblo,,,CT-2,,,
35,,Rio Piedras,087-013-506-07,Privada,Edificada,En desuso,,Robles esq. Ave. Barbosa,Rio Piedras Pueblo,,,CT-2,,,8
36,,Rio Piedras,087-013-531-08,Privada,Edificada,En desuso,160,Robles  ,Rio Piedras Pueblo,,,CT-2,,,
37,,Rio Piedras,087-013-531-09 ,Privada,Edificada,En desuso,162,Robles,Rio Piedras Pueblo,,,CT-2,,,
38,,Rio Piedras,087-013-531-10 ,Privada,Edificada,En desuso,164,Robles,Rio Piedras Pueblo,,,CT-2,,,
39,,Rio Piedras,087-013-531-10,Privada,Solar,En desuso,166,Robles,Rio Piedras Pueblo,,,CT-2,,,
40,,Rio Piedras,087-013-530-65,Privada,Solar,En desuso,,Robles esq. Ferrocarril,Rio Piedras Pueblo,,,CT-2,,,49/64/66/67
41,,Rio Piedras,087-013-530-02 ,Privada,Edificada,En desuso,104,Robles,Rio Piedras Pueblo,,,CT-2,,,
42,,Rio Piedras,087-013-530-03,Privada,Edificada,En desuso,106,Robles,Rio Piedras Pueblo,,,CT-2,,,
43,,Rio Piedras,087-013-530-04,Privada,Edificada,En desuso,108,Robles,Rio Piedras Pueblo,,,CT-2,,,
44,,Rio Piedras,087-013-530-05,Privada,Edificada,En desuso,110,Robles,Rio Piedras Pueblo,,,CT-2,,,
45,,Rio Piedras,087-013-530-06,Privada,Solar,En desuso,112,Robles,Rio Piedras Pueblo,,,CT-2,,,
46,,Rio Piedras,087-013-530-07,Privada,Edificada,En desuso,114,Robles,Rio Piedras Pueblo,,,CT-2,,,
47,,Rio Piedras,087-013-530-09,Privada,Edificada,En desuso,118,Robles,Rio Piedras Pueblo,,,CT-2,,,
48,,Viejo San Juan,040-002-031-09,Privada,Edificada,En desuso,61,Caleta de San Juan,Viejo San Juan,,,R-6,,,
49,,Viejo San Juan,040-002-040-03,Privada,Edificada,En desuso,56,Caleta de San Juan,Viejo San Juan,,,R-6,,,
50,,Viejo San Juan,040-002-040-06,Privada,Edificada,En desuso,62,Caleta de San Juan,Viejo San Juan,,,R-6,,,
51,,Viejo San Juan,022-092-006-13,Privada,Edificada,En desuso,1,Cruz,Viejo San Juan,,,R-6,,,
52,,Viejo San Juan,022-092-014-02,Privada,Edificada,En desuso,8,Cruz,Viejo San Juan,,,R-6,,,
53,,Viejo San Juan,040-002-025-08,Privada,Edificada,En desuso,104,Cruz,Viejo San Juan,,,C-3,,,
54,,Viejo San Juan,040-002-025-09,Privada,Edificada,En desuso,106/108,Cruz,Viejo San Juan,,,C-3,,,
55,,Viejo San Juan,040-002-053-05,Privada,Edificada,En desuso,250,Cruz,Viejo San Juan,,,C-3,,,
56,,Viejo San Juan,040-002-057-01,Privada,Edificada,En desuso,350,Fortaleza,Viejo San Juan,,,C-3,,,
57,,Viejo San Juan,040-002-057-02,Privada,Edificada,En desuso,352,Fortaleza,Viejo San Juan,,,C-3,,,
58,,Viejo San Juan,040-003-049-18,Privada,Edificada,En desuso,359,Fortaleza,Viejo San Juan,,,C-3,,,
59,,Viejo San Juan,040-002-024-11,Privada,Edificada,En desuso,106,Luna,Viejo San Juan,,,C-3,,,
60,,Viejo San Juan,040-002-025-14,Privada,Edificada,En desuso,151,Luna,Viejo San Juan,,,C-3,,,
61,,Viejo San Juan,040-002-025-11,Privada,Edificada,En desuso,157,Luna,Viejo San Juan,,,C-3,,,
62,,Viejo San Juan,040-002-035-02,Privada,Edificada,En desuso,200,Luna,Viejo San Juan,,,C-3,,,
63,,Viejo San Juan,040-002-035-02,Privada,Edificada,En desuso,202,Luna,Viejo San Juan,,,C-3,,,
64,,Viejo San Juan,040-002-026-13,Privada,Edificada,En desuso,203,Luna,Viejo San Juan,,,C-3,,,
65,,Viejo San Juan,040-002-035-04,Privada,Edificada,En desuso,206,Luna,Viejo San Juan,,,C-3,,,
66,,Viejo San Juan,040-002-036-09,Privada,Edificada,En desuso,260,Luna,Viejo San Juan,,,C-3,,,
67,,Viejo San Juan,040-002-036-06,Privada,Edificada,En desuso,262,Luna,Viejo San Juan,,,C-3,,,
68,,Viejo San Juan,040-002-036-07,Privada,Edificada,En desuso,264,Luna,Viejo San Juan,,,C-3,,,
69,,Viejo San Juan,040-002-036-08,Privada,Edificada,En desuso,266,Luna,Viejo San Juan,,,C-3,,,
70,,Viejo San Juan,022-092-029-17,Privada,Edificada,En desuso,355,Luna,Viejo San Juan,,,C-3,,,
71,,Viejo San Juan,022-093-038-06,Privada,Edificada,En desuso,360,Luna,Viejo San Juan,,,C-3,,,
72,,Viejo San Juan,022-093-038-07,Privada,Edificada,En desuso,362,Luna,Viejo San Juan,,,C-3,,,
73,,Viejo San Juan,022-092-014-10,Privada,Edificada,En desuso,7,Mercado,Viejo San Juan,,,C-3,,,
74,,Viejo San Juan,022-092-007-16,Privada,Edificada,En desuso,276/277,Norzagaray,Viejo San Juan,,,R-6,,,
75,,Viejo San Juan,022-092-007-14,Privada,Edificada,En desuso,272,Norzagaray,Viejo San Juan,,,R-6,,,
76,,Viejo San Juan,022-092-008-08,Privada,Edificada,En desuso,300,Norzagaray,Viejo San Juan,,,C-3,,,
77,,Viejo San Juan,022-092-010-03,Privada,Edificada,En desuso,406,Norzagaray,Viejo San Juan,,,R-6,,,
78,,Viejo San Juan,022-093-010-12,Privada,Edificada,En desuso,425,Norzagaray,Viejo San Juan,,,R-6,,,
79,,Viejo San Juan,022-093-038-09,Privada,Edificada,En desuso,152,O'Donnell,Viejo San Juan,,,C-3,,,
80,,Viejo San Juan,022-092-018-16,Privada,Edificada,En desuso,55,San José,Viejo San Juan,,,C-3,,,
81,,Viejo San Juan,040-002-033-02,Privada,Edificada,En desuso,152,San José,Viejo San Juan,,,C-3,,,
82,,Viejo San Juan,040-002-053-12,Privada,Edificada,En desuso,253,San José,Viejo San Juan,,,C-3,,,
83,,Viejo San Juan,040-002-026-10,Privada,Edificada,En desuso,106,San Justo,Viejo San Juan,,,C-3,,,
84,,Viejo San Juan,022-092-027-36,Privada,Edificada,En desuso,103/251,San Justo esq. Luna,Viejo San Juan,,,C-3,,,
85,,Viejo San Juan,022-092-019-09,Privada,Edificada,En desuso,54,San Justo,Viejo San Juan,,,R-6,,,
86,,Viejo San Juan,022-092-006-19,Privada,Edificada,En desuso,12,San Justo esq. San Sebastián,Viejo San Juan,,,R-6,,,
87,,Viejo San Juan,022-092-008-12,Privada,Edificada,En desuso,303,San Sebastián,Viejo San Juan,,,C-3,,,
88,,Viejo San Juan,022-092-008-06,Privada,Edificada,En desuso,307,San Sebastián,Viejo San Juan,,,R-6,,,
89,,Viejo San Juan,040-002-047-10,Privada,Edificada,En desuso,200,San Francisco,Viejo San Juan,,,C-3,,,
90,,Viejo San Juan,040-002-046-07,Privada,Edificada,En desuso,212,San Francisco,Viejo San Juan,,,C-3,,,
91,,Viejo San Juan,040-002-036-21,Privada,Edificada,En desuso,253,San Francisco,Viejo San Juan,,,C-3,,,
92,,Viejo San Juan,040-003-049-03,Privada,Edificada,En desuso,354,San Francisco,Viejo San Juan,,,C-3,,,
93,,Viejo San Juan,040-002-065-03,Privada,Edificada,En desuso,304,Tetuán,Viejo San Juan,,,C-3,,,
94,,Viejo San Juan,022-092-027-18,Privada,Edificada,En desuso,100,Tanca,Viejo San Juan,,,C-3,,,
95,,Viejo San Juan,040-002-056-14,Privada,Edificada,En desuso,313,Tetuán,Viejo San Juan,,,C-3,,,
96,,Viejo San Juan,022-093-038-11,Privada,Edificada,En desuso,363,O'Donnell,Viejo San Juan,,,C-3,,,
97,,Viejo San Juan,040-003-049-10,Privada,Edificada,En desuso,200,O'Donnell,Viejo San Juan,,,C-3,,,
98,1,Santurce,040-047-160-01,Privada,Edificada,En desuso,646,Fernandez Juncos,Santurce,,,CT-2,,,Se Vende
99,2,Santurce,040-037-004-13,Privada,Edificada,En desuso,635,Fernandez Juncos,Santurce,,,ZU-R2,,,Se Vende
100,3,Santurce,040-047-008-07,Privada,Edificada,En desuso,665,Fernandez Juncos,Santurce,,,CR-H,,,Tapeado
101,4,Santurce,040-047-062-06,Privada,Edificada,En desuso,710,Fernandez Juncos,Santurce,,,ZU-R2,,,
102,5,Santurce,040-047-069-04,Privada,Edificada,En desuso,906,Fernandez Juncos,Santurce,,,ZU-R2,,,
103,6,Santurce,040-058-072-01,Privada,Edificada,En desuso,,Fernandez Juncos,Santurce,,,ZU-G2,,,Antiguo Banco Popular
104,7,Santurce,040-048-021-09,Privada,Edificada,En desuso,,Fernandez Juncos esq. Cerra,Santurce,,,ZU-G2,,,
105,8,Santurce,040-058-022-25,Privada,Edificada,En desuso,1013,Fernandez Juncos,Santurce,,,ZU-G2,,,
106,9,Santurce,040-058-078-07,Privada,Edificada,En desuso,1050,Fernandez Juncos,Santurce,,,ZU-G2,,,
107,10,Santurce,040-058-083-01,Privada,Edificada,En desuso,1052,Fernandez Juncos,Santurce,,,ZU-G2,,,
108,11,Santurce,040-058-027-46,Privada,Edificada,En desuso,1055,Fernandez Juncos,Santurce,,,ZU-G2,,,Viven deambulantes
109,12,Santurce,040-058-027-34,Privada,Edificada,En desuso,1059,Fernandez Juncos,Santurce,,,ZU-G2,,,
110,13,Santurce,040-058-027-33,Privada,Edificada,En desuso,1061,Fernandez Juncos,Santurce,,,ZU-G2,,,
111,14,Santurce,040-058-027-45,Privada,Edificada,En desuso,1063,Fernandez Juncos,Santurce,,,ZU-G2,,,
112,15,Santurce,040-058-083-10,Privada,Edificada,En desuso,1070,Fernandez Juncos,Santurce,,,ZU-G2,,,
113,16,Santurce,040-058-033-09,Privada,Edificada,En desuso,924,Fernandez Juncos,Santurce,,,CR-H,,,
114,17,Santurce,040-058-035-12,Privada,Edificada,En desuso,,Fernandez Juncos esq. Condado,Santurce,,,ZU-G2,,,
115,18,Santurce,040-058-035-07,Privada,Edificada,En desuso,1205,Fernandez Juncos,Santurce,,,ZU-G2,,,
116,19,Santurce,040-058-035-08,Privada,Edificada,En desuso,1211,Fernandez Juncos,Santurce,,,ZU-G2,,,
117,20,Santurce,040-058-036-15,Privada,Edificada,En desuso,,Fernandez Juncos esq. RH Todd,Santurce,,,ZU-G2,,,
118,21,Santurce,040-059-037-09,Privada,Edificada,En desuso,1225,Fernandez Juncos,Santurce,,,ZU-G2,,,
119,22,Santurce,040-069-041-07,Privada,Edificada,En desuso,1313,Fernandez Juncos,Santurce,,,ZU-G2,,,
120,23,Santurce,040-069-041-06,Privada,Edificada,En desuso,1315,Fernandez Juncos,Santurce,,,ZU-G2,,,
121,24,Santurce,040-069-108-28,Privada,Edificada,En desuso,1400,Fernandez Juncos,Santurce,,,ZU-G2,,,
122,25,Santurce,040-069-108-09,Privada,Edificada,En desuso,1420,Fernandez Juncos,Santurce,,,ZU-G2,,,
123,26,Santurce,040-080-049-52,Privada,Edificada,En desuso,1553 y 1555,Fernandez Juncos,Santurce,,,ZU-G2,,,
124,27,Santurce,040-080-511-08,Privada,Edificada,En desuso,1611,Fernandez Juncos,Santurce,,,ZU-G2,,,BGF
125,28,Santurce,040-080-141-04,Privada,Edificada,En desuso,1616,Fernandez Juncos,Santurce,,,ZU-G2,,,
126,29,Santurce,040-080-141-05,Privada,Edificada,En desuso,1618,Fernandez Juncos,Santurce,,,ZU-G2,,,
127,30,Santurce,040-080-052-20,Privada,Edificada,En desuso,1655,Fernandez Juncos,Santurce,,,ZU-G2,,,
128,31,Santurce,040-090-152-18,Privada,Solar,En desuso,,Fernandez Juncos,Santurce,,,CR-H,,,No hay edificación
129,32,Santurce,040-090-055-15,Privada,Edificada,En desuso,1805,Fernandez Juncos,Santurce,,,ZU-G2,,,Estorbo Público
130,33,Santurce,041-081-055-14,Privada,Edificada,En desuso,1807/1809,Fernandez Juncos,Santurce,,,ZU-G2,,,
131,34,Santurce,041-081-055-12,Privada,Edificada,En desuso,1811,Fernandez Juncos,Santurce,,,ZU-G2,,,Estorbo Público
132,35,Santurce,041-081-055-11,Privada,Edificada,En desuso,1813,Fernandez Juncos,Santurce,,,ZU-G2,,,Estorbo Público
133,36,Santurce,041-081-056-10,Privada,Edificada,En desuso,,Fernandez Juncos esq. Pedro de Castro,Santurce,,,ZU-G2,,,
134,37,Santurce,041-081-056-06,Privada,Edificada,En desuso,,Fernandez Juncos esq. Jordán,Santurce,,,ZU-G2,,,
135,38,Santurce,041-081-154-03,Privada,Edificada,En desuso,1822,Fernandez Juncos,Santurce,,,ZU-G2,,,
136,39,Santurce,041-091-158-02,Privada,Edificada,En desuso,1902,Fernandez Juncos,Santurce,,,CR-H,,,
137,40,Santurce,041-091-058-08,Privada,Solar,En desuso,1905,Fernandez Juncos,Santurce,,,ZU-G2,,,Vertedero Clandestino
138,41,Santurce,041-091-159-TU,Privada,Solar,En desuso,,Ponce de León esq. Borinquen,Santurce,,,ZU-G2,,,
139,42,Santurce,041-091-058-12,Privada,Solar,En desuso,,Ponce de León esq. Borinquen,Santurce,,,ZU-G2,,,
140,43,Santurce,041-091-428-03,Privada,Solar,En desuso,,Ponce de León esq. Cayey,Santurce,,,ZU-G2,,,Estacionamiento ilegal
141,44,Santurce,041-081-445-02,Privada,Edificada,En desuso,1864,Ponce de León,Santurce,,,ZU-G2,,,
142,45,Santurce,041-081-057-05,Privada,Edificada,En desuso,1858,Ponce de León,Santurce,,,ZU-G2,,,
143,46,Santurce,041-081-057-04,Privada,Edificada,En desuso,1856,Ponce de León,Santurce,,,ZU-G2,,,
144,47,Santurce,041-081-056-04,Privada,Edificada,En desuso,,Ponce de León,Santurce,,,ZU-G2,,,
145,48,Santurce,041-081-423-08,Privada,Edificada,En desuso,1805,Ponce de León,Santurce,,,ZU-G2,,,
146,49,Santurce,041-081-055-04,Privada,Edificada,En desuso,1804,Ponce de León,Santurce,,,ZU-G2,,,Estorbo Público
147,50,Santurce,041-081-055-02,Privada,Edificada,En desuso,1802,Ponce de León,Santurce,,,ZU-G2,,,
148,51,Santurce,040-090-054-23,Privada,Edificada,En desuso,1764,Ponce de León esq. Mayol,Santurce,,,ZU-G2,,,
149,52,Santurce,040-090-054-06,Privada,Solar,En desuso,1760,Ponce de León,Santurce,,,ZU-G2,,,
150,53,Santurce,040-080-741-15,Privada,Edificada,En desuso,1671,Ponce de León,Santurce,,,ZU-G3,,,
151,54,Santurce,040-080-051-05,Privada,Edificada,En desuso,1660,Ponce de León,Santurce,,,ZU-G3,,,
152,55,Santurce,040-080-214-36,Privada,Edificada,En desuso,1659,Ponce de León,Santurce,,,ZU-G3,,,
153,56,Santurce,040-080-051-01,Privada,Edificada,En desuso,415,Ponce de León esq. Bolivar,Santurce,,,ZU-G3,,,
154,57,Santurce,040-080-433-36,Privada,Edificada,En desuso,1606,Ponce de León,Santurce,,,ZU-G3,,,
155,58,Santurce,040-070-727-15,Privada,Edificada,En desuso,1508,Ponce de León,Santurce,,,ZU-G4,,,
156,59,Santurce,040-070-198-32,Privada,Edificada,En desuso,1507,Ponce de León,Santurce,,,ZU-G4,,,
157,60,Santurce,040-069-114-32,Privada,Edificada,En desuso,,Ponce de León esq. Culto,Santurce,,,CR-H,,,
158,61,Santurce,040-059-114-36,Privada,Edificada,En desuso,,Ponce de León,Santurce,,,ZU-G4,,,
159,62,Santurce,040-069-042-02,Privada,Edificada,En desuso,1404,Ponce de León,Santurce,,,ZU-G4,,,
160,63,Santurce,040-059-039-01,Privada,Edificada,En desuso,1310,Ponce de León,Santurce,,,ZU-G3,,,
161,64,Santurce,040-059-034-10,Privada,Edificada,En desuso,,Ponce de León,Santurce,,,ZU-G3,,,
162,65,Santurce,040-059-090-14,Privada,Edificada,En desuso,1205,Ponce de León,Santurce,,,ZU-G3,,,
163,66,Santurce,040-059-515-04,Privada,Edificada,En desuso,1206,Ponce de León,Santurce,,,ZU-G3,,,
164,67,Santurce,040-058-029-23,Privada,Edificada,En desuso,1116,Ponce de León,Santurce,,,ZU-G3,,,
165,68,Santurce,040-048-075-13,Privada,Edificada,En desuso,1108,Ponce de León,Santurce,,,ZU-G3,,,
166,69,Santurce,040-048-024-01,Privada,Edificada,En desuso,1056,Ponce de León,Santurce,,,ZU-G3,,,
167,70,Santurce,040-048-023-02,Privada,Edificada,En desuso,1054,Ponce de León,Santurce,,,ZU-G3,,,
168,71,Santurce,040-048-023-02,Privada,Edificada,En desuso,1052,Ponce de León,Santurce,,,ZU-G3,,,
169,72,Santurce,040-048-060-16,Privada,Edificada,En desuso,1003,Ponce de León,Santurce,,,ZU-G3,,,
170,73,Santurce,040-048-019-07,Privada,Edificada,En desuso,962,Ponce de León,Santurce,,,ZU-G3,,,
171,74,Santurce,040-048-019-08,Privada,Edificada,En desuso,960,Ponce de León,Santurce,,,ZU-G3,,,
515,75,Santurce,040-037-051-10,Privada,Edificada,En desuso,619,Ponce de León,Santurce,,,ZU-G3,,,
172,76,Santurce,040-037-002-17,Privada,Edificada,En desuso,604,Olimpo,Miramar,,,ZU-P,,,
173,77,Santurce,040-037-054-10,Privada,Solar,En desuso,550,Berga,Miramar,,,ZU-R1,,,
174,78,Santurce,040-037-054-08,Privada,Solar,En desuso,552,Berga,Miramar,,,ZU-R1,,,
175,79,Santurce,040-037-054-01,Privada,Solar,En desuso,556,Berga,Miramar,,,ZU-R1,,,
176,80,Santurce,040-037-054-13,Privada,Solar,En desuso,558,Berga,Miramar,,,ZU-R1,,,
177,81,Santurce,040-037-057-16,Privada,Edificada,En desuso,555,Trigo,Miramar,,,ZU-R1,,,
178,82,Santurce,040-038-058-15,Privada,Edificada,En desuso,557,Cuevillas,Miramar,,,ZU-R1,,,
179,83,Santurce,040-047-015-02,Privada,Edificada,En desuso,654,Concordia,Miramar,,,ZU-R1,,,
180,84,Santurce,040-057-067-13,Privada,Solar,En desuso,,Concordia esq. Marginal Ave. Muñoz Rivera,Miramar,,,ZU-R1,,,
181,85,Santurce,040-057-069-22,Privada,Edificada,En desuso,715,Hernández,Miramar,,,ZU-R1,,,
182,86,Santurce,040-048-019-13,Privada,Edificada,En desuso,614,Cerra,Miramar,,,ZU-G2,,,
183,87,Santurce,040-048-021-14,Privada,Edificada,En desuso,623,Cerra,Miramar,,,ZU-G2,,,
184,88,Santurce,040-048-019-08,Privada,Edificada,En desuso,604,Cerra,Miramar,,,ZU-G2,,,
185,89,Santurce,040-048-023-04,Privada,Edificada,En desuso,603,Monserrate,Miramar,,,ZU-G2,,,
186,90,Santurce,040-048-715-12,Privada,Solar,En desuso,,Mariana Bracetti esq. Baldorioty de Castro,Alto del Cabro,,,ZU-R2,,,
187,91,Santurce,040-048-066-36,Privada,Solar,En desuso,120,Rucabado esq. Baldorioty de Castro,Alto del Cabro,,,ZU-R2,,,
188,92,Santurce,040-048-064-03,Privada,Edificada,En desuso,102,Rucabado  ,Alto del Cabro,,,ZU-R2,,,
189,93,Santurce,040-048-066-35,Privada,Edificada,En desuso,107,Rucabado  ,Alto del Cabro,,,ZU-R2,,,
190,94,Santurce,040-048-066-33,Privada,Edificada,En desuso,111,Rucabado  ,Alto del Cabro,,,ZU-R2,,,
191,95,Santurce,040-048-066-30,Privada,Edificada,En desuso,115,Rucabado  ,Alto del Cabro,,,ZU-R2,,,
192,96,Santurce,040-048-066-28,Privada,Edificada,En desuso,119,Rucabado  ,Alto del Cabro,,,ZU-R2,,,
193,97,Santurce,040-048-066-26,Privada,Edificada,En desuso,125,Rucabado,Alto del Cabro,,,ZU-R2,,,
194,98,Santurce,040-048-066-11,Privada,Solar,En desuso,108,Colomer esq. Baldorioty de Castro,Alto del Cabro,,,ZU-R2,,,
195,99,Santurce,040-048-067-26,Privada,Solar,En desuso,127,Colomer  ,Alto del Cabro,,,ZU-R2,,,
196,100,Santurce,040-048-067-12,Privada,Edificada,En desuso,116,Barcelona,Alto del Cabro,,,ZU-R2,,,
197,101,Santurce,040-048-075-15,Privada,Solar,En desuso,129,Barcelona,Alto del Cabro,,,ZU-R2,,,
198,102,Santurce,040-048-076-01,Privada,Solar,En desuso,1152,Ribot,Alto del Cabro,,,ZU-R2,,,
199,103,Santurce,040-048-068-27,Privada,Solar,En desuso,,Soledad,Alto del Cabro,,,ZU-R2,,,
200,104,Santurce,040-048-026-03,Privada,Solar,En desuso,1056,Navas,El Gandul,,,ZU-R2,,,
201,105,Santurce,040-048-026-28,Privada,Solar,En desuso,1071,Del Carmen,El Gandul,,,ZU-R2,,,
202,106,Santurce,040-058-026-21,Privada,Edificada,En desuso,1078,Del Carmen,El Gandul,,,ZU-R2,,,
203,107,Santurce,040-058-027-19,Privada,Edificada,En desuso,1076,Del Carmen,El Gandul,,,ZU-R2,,,
204,108,Santurce,040-058-027-22,Privada,Edificada,En desuso,,San Juan,El Gandul,,,ZU-R2,,,
205,109,Santurce,040-058-074-10,Privada,Edificada,En desuso,707,Cerra esq. Aurora,El Gandul,,,ZU-G2,,,
206,110,Santurce,040-058-077-14,Privada,Edificada,En desuso,,Cerra,El Gandul,,,ZU-G2,,,
207,111,Santurce,040-058-076-04,Privada,Edificada,En desuso,1006,Lealtad esq. Ernesto Cerra,El Gandul,,,ZU-R2,,,
208,112,Santurce,040-058-076-05,Privada,Edificada,En desuso,802,ernesto Cerra,El Gandul,,,ZU-R2,,,
209,113,Santurce,040-058-079-03,Privada,Solar,En desuso,1004,Aurora,El Gandul,,,ZU-R2,,,
210,114,Santurce,040-058-079-12,Privada,Edificada,En desuso,1007,Lealtad  ,El Gandul,,,ZU-R2,,,
211,115,Santurce,040-058-084-01,Privada,Solar,En desuso,,Monserrate esq. Aurora,Miramar,,,ZU-G2,,,
212,116,Santurce,040-058-082-10,Privada,Solar,En desuso,,Monserrate,El Gandul,,,ZU-G2,,,
213,117,Santurce,040-058-085-15,Privada,Edificada,En desuso,1055,Elisa Cerra,El Gandul,,,ZU-R2,,,
214,118,Santurce,040-058-084-12,Privada,Edificada,En desuso,1053,Lealtad,El Gandul,,,ZU-R2,,,
215,119,Santurce,040-058-078-12,Privada,Solar,En desuso,1062,Aurora,El Gandul,,,ZU-R2,,,
216,120,Santurce,040-058-085-10,Privada,Edificada,En desuso,805,Lloveras,El Gandul,,,ZU-R2,,,
217,121,Santurce,040-058-090-01,Privada,Edificada,En desuso,1068,Elisa Cerra,El Gandul,,,ZU-R2,,,
218,122,Santurce,040-058-086-11,Privada,Edificada,En desuso,1063,Puerto Arturo,El Gandul,,,ZU-R2,,,
219,123,Santurce,040-058-090-16,Privada,Edificada,En desuso,1073,Puerto Arturo,El Gandul,,,ZU-R2,,,
220,124,Santurce,040-058-090-14,Privada,Edificada,En desuso,1077,Puerto Arturo,El Gandul,,,ZU-R2,,,
221,125,Santurce,040-058-083-16,Privada,Edificada,En desuso,706,San Juan,El Gandul,,,ZU-R2,,,
222,126,Santurce,040-058-091-34,Privada,Edificada,En desuso,725,San Juan,El Gandul,,,ZU-R2,,,
223,127,Santurce,040-068-091-15,Privada,Edificada,En desuso,720,Victor Figueroa,El Gandul,,,ZU-R2,,,
224,128,Santurce,040-068-091-48,Privada,Edificada,En desuso,722,Victor Figueroa,El Gandul,,,ZU-R2,,,
225,129,Santurce,040-068-094-08,Privada,Edificada,En desuso,753,Victor Figueroa,El Gandul,,,ZU-R2,,,
226,130,Santurce,040-058-092-07,Privada,Edificada,En desuso,,Condado,El Gandul,,,ZU-R2,,,
227,131,Santurce,040-068-172-01,Privada,Solar,En desuso,,Cerra Andino esq. Cerra,Tras Talleres,,,ZU-R2,,,
228,132,Santurce,040-068-172-04,Privada,Edificada,En desuso,1006,Cerra Andino  ,Tras Talleres,,,ZU-R2,,,
229,133,Santurce,040-068-174-14,Privada,Solar,En desuso,947,Cerra Andino,Tras Talleres,,,ZU-G1,,,
230,134,Santurce,040-068-174-13,Privada,Edificada,En desuso,949,Cerra Andino,Tras Talleres,,,ZU-G1,,,
231,135,Santurce,040-068-175-01,Privada,Edificada,En desuso,933,Sola,Tras Talleres,,,ZU-R2,,,
232,136,Santurce,040-068-167-25,Privada,Solar,En desuso,1047,Robles,Tras Talleres,,,ZU-R2,,,
233,137,Santurce,040-068-167-24,Privada,Solar,En desuso,1049,Robles,Tras Talleres,,,ZU-R2,,,
234,138,Santurce,040-068-196-01,Privada,Edificada,En desuso,951,Cerra Andino,Tras Talleres,,,ZU-G1,,,
235,139,Santurce,040-068-174-12,Privada,Solar,En desuso,,Sola esq. Nueva Palma,Tras Talleres,,,ZU-G1,,,
236,140,Santurce,040-068-217-05,Privada,Edificada,En desuso,962,Sola,Tras Talleres,,,ZU-R2,,,
237,141,Santurce,040-068-217-06,Privada,Solar,En desuso,964,Sola,Tras Talleres,,,ZU-R2,,,
238,142,Santurce,040-068-218-01,Privada,Edificada,En desuso,1012,Sola esq. La Rosa,Tras Talleres,,,ZU-R2,,,
239,143,Santurce,040-067-226-05,Privada,Edificada,En desuso,970,Sola,Tras Talleres,,,ZU-R2,,,
240,144,Santurce,040-067-226-06,Privada,Solar,En desuso,972,Sola,Tras Talleres,,,ZU-R2,,,
241,145,Santurce,040-068-218-28,Privada,Edificada,En desuso,971,Sola,Tras Talleres,,,ZU-R2,,,
242,146,Santurce,040-068-175-07,Privada,Edificada,En desuso,938,Verdejo,Tras Talleres,,,ZU-R2,,,
243,147,Santurce,040-068-219-15,Privada,Solar,En desuso,971,Verdejo,Tras Talleres,,,ZU-R2,,,
244,148,Santurce,040-068-218-38,Privada,Edificada,En desuso,1015,Adolfo Castro,Tras Talleres,,,ZU-R2,,,
245,149,Santurce,040-068-229-04,Privada,Edificada,En desuso,,Adolfo Castro esq. Comercio,Tras Talleres,,,ZU-R2,,,
246,150,Santurce,040-078-230-04,Privada,Edificada,En desuso,1068,Adolfo Castro esq. Carlos de Jesús,Tras Talleres,,,ZU-R2,,,
247,151,Santurce,040-068-231-18,Privada,Edificada,En desuso,1067,Adolfo Castro,Tras Talleres,,,ZU-R2,,,
248,152,Santurce,040-068-231-08,Privada,Edificada,En desuso,1068,Las Flores,Tras Talleres,,,ZU-R2,,,
249,153,Santurce,040-068-221-12,Privada,Edificada,En desuso,1073,Las Flores,Tras Talleres,,,ZU-R2,,,
250,154,Santurce,040-068-221-14,Privada,Edificada,En desuso,962,San Juan,Tras Talleres,,,ZU-R2,,,
251,155,Santurce,040-068-222-07,Privada,Edificada,En desuso,967,San Juan,Tras Talleres,,,ZU-R2,,,
252,156,Santurce,040-049-078-30,Privada,Edificada,En desuso,155,Labra,Campo Alegre,,,ZU-R2,,,
253,157,Santurce,040-049-078-04,Privada,Edificada,En desuso,157,Delicias,Campo Alegre,,,ZU-R2,,,
254,158,Santurce,040-049-078-09,Privada,Solar,En desuso,167,Delicias,Campo Alegre,,,ZU-R2,,,
255,159,Santurce,040-049-078-31,Privada,Solar,En desuso,,Delicias,Campo Alegre,,,ZU-R2,,,
256,160,Santurce,040-049-078-26,Privada,Edificada,En desuso,174,Delicias,Campo Alegre,,,ZU-R2,,,
257,161,Santurce,040-059-080-12,Privada,Solar,En desuso,189,Campo Alegre,Campo Alegre,,,ZU-R2,,,
258,162,Santurce,040-059-091-07,Privada,Solar,En desuso,183,Campo Alegre,Campo Alegre,,,ZU-R2,,,
259,163,Santurce,040-059-091-09,Privada,Edificada,En desuso,214,Campo Alegre,Campo Alegre,,,ZU-R2,,,
260,164,Santurce,040-049-091-06,Privada,Solar,En desuso,175,Campo Alegre,Campo Alegre,,,ZU-R2,,,
261,165,Santurce,040-049-080-03,Privada,Edificada,En desuso,206,Campo Alegre,Campo Alegre,,,ZU-R2,,,
262,166,Santurce,040-049-091-14,Privada,Edificada,En desuso,202,Campo Alegre,Campo Alegre,,,ZU-R2,,,
263,167,Santurce,040-049-099-52,Privada,Solar,En desuso,165,Campo Alegre,Campo Alegre,,,ZU-R2,,,
264,168,Santurce,040-049-099-01,Privada,Solar,En desuso,163,Campo Alegre,Campo Alegre,,,ZU-R2,,,
265,169,Santurce,040-049-081-03,Privada,Edificada,En desuso,156,Campo Alegre,Campo Alegre,,,ZU-R2,,,
266,170,Santurce,040-059-100-10,Privada,Solar,En desuso,190,Los Pinos,Campo Alegre,,,ZU-R2,,,
267,171,Santurce,040-059-102-24,Privada,Edificada,En desuso,263,Duffaut,Campo Alegre,,,ZU-R2,,,
268,172,Santurce,040-059-102-07,Privada,Edificada,En desuso,264,Dos Hermanos,Campo Alegre,,,ZU-R2,,,
269,173,Santurce,040-059-102-06,Privada,Edificada,En desuso,262,Dos Hermanos,Campo Alegre,,,ZU-R2,,,
270,174,Santurce,040-059-105-69,Privada,Edificada,En desuso,,Canals esq. Latimer,Campo Alegre,,,ZU-R2,,,
271,175,Santurce,040-079-441-05,Privada,Edificada,En desuso,108,Oquendo,Campo Alegre,,,ZU-R2,,,
272,176,Santurce,040-079-441-17,Privada,,En desuso,77,Morales,Hipódromo,,,ZU-R2,,,
273,177,Santurce,040-079-441-16,Privada,Edificada,En desuso,79,Morales,Hipódromo,,,ZU-R2,,,
274,178,Santurce,040-079-441-13,Privada,Edificada,En desuso,87,Morales,Hipódromo,,,ZU-R2,,,
275,179,Santurce,040-069-041-03,Privada,Edificada,En desuso,653,Delicias,Hipódromo,,,ZU-R1,,,
276,180,Santurce,040-069-042-01,Privada,Edificada,En desuso,612,Hipódromo,Hipódromo,,,CR-H,,,
277,181,Santurce,040-069-040-02,Privada,Edificada,En desuso,1396,Georgetti,Hipódromo,,,ZU-R1,,,
278,182,Santurce,040-069-107-06,Privada,Edificada,En desuso,604,Hipódromo,Hipódromo,,,ZU-G3,,,
279,183,Santurce,040-079-273-29,Privada,Edificada,En desuso,14,Concepción,Hipódromo,,,ZU-R2,,,
280,184,Santurce,040-079-441-09,Privada,Edificada,En desuso,18,Concepción,Hipódromo,,,ZU-R2,,,
281,185,Santurce,040-079-441-10,Privada,Edificada,En desuso,20,Concepción,Hipódromo,,,ZU-R2,,,
282,186,Santurce,040-079-118-02,Privada,Edificada,En desuso,1452,Aibonito,Hipódromo,,,ZU-R1,,,
283,187,Santurce,040-079-118-03,Privada,Solar,En desuso,1454,Aibonito,Hipódromo,,,ZU-R1,,,
284,188,Santurce,040-069-043-12,Privada,Edificada,En desuso,1401,Hipódromo,Hipódromo,,,ZU-R2,,,
285,189,Santurce,040-069-109-11,Privada,Edificada,En desuso,1418,Feria,Hipódromo,,,ZU-R1,,,
286,190,Santurce,040-079-116-22,Privada,Edificada,En desuso,1459,Las Palmas,Bolivar,,,ZU-R1,,,
287,191,Santurce,040-079-117-25,Privada,Edificada,En desuso,1461,Aibonito,Bolivar,,,ZU-R1,,,
288,192,Santurce,040-079-123-27,Privada,Edificada,En desuso,869,Avelino Vicente,Bolivar,,,ZU-R1,,,
289,193,Santurce,040-079-121-26,Privada,Edificada,En desuso,703,Avelino Vicente,Bolivar,,,ZU-R1,,,
290,194,Santurce,040-079-127-08,Privada,Edificada,En desuso,708,Sánchez,Bolivar,,,ZU-G1,,,
291,195,Santurce,040-079-128-07,Privada,Edificada,En desuso,804,Sánchez,Bolivar,,,ZU-G1,,,
292,196,Santurce,040-079-131-19,Privada,Edificada,En desuso,721,Sánchez,Bolivar,,,ZU-G1,,,
293,197,Santurce,040-080-734-01,Privada,Edificada,En desuso,1552,Finlay,Bolivar,,,ZU-G1,,,
294,198,Santurce,040-080-136-06,Privada,Edificada,En desuso,706,Del Parque,Bolivar,,,ZU-G1,,,
295,199,Santurce,040-080-734-04,Privada,Edificada,En desuso,752,Del Parque,Bolivar,,,ZU-G1,,,
296,200,Santurce,040-090-138-07,Privada,Edificada,En desuso,857,Del Parque,Bolivar,,,ZU-G1,,,
297,201,Santurce,040-089-138-27,Privada,Edificada,En desuso,123,Marginal Muñoz Rivera,Bolivar,,,ZU-G1,,,
298,202,Santurce,040-089-138-26,Privada,Edificada,En desuso,,Marginal Muñoz Rivera,Bolivar,,,ZU-G1,,,
299,203,Santurce,040-090-437-05,Privada,Edificada,En desuso,859,Victor López,Bolivar,,,ZU-R2,,,
300,204,Santurce,040-090-144-01,Privada,Solar,En desuso,1666,José Cora,Bolivar,,,ZU-R2,,,
301,205,Santurce,040-090-144-02,Privada,Edificada,En desuso,1668,José Cora,Bolivar,,,ZU-R2,,,
302,206,Santurce,040-090-147-09,Privada,Edificada,En desuso,759,Los Angeles,Bolivar,,,ZU-R2,,,
303,207,Santurce,040-090-147-02,Privada,Solar,En desuso,,Nueva,Bolivar,,,ZU-R2,,,
304,208,Santurce,040-090-151-02,Privada,Edificada,En desuso,1754,Victoria,Bolivar,,,ZU-R2,,,
305,209,Santurce,040-090-151-04,Privada,Solar,En desuso,1756,Victoria,Bolivar,,,ZU-R2,,,
306,210,Santurce,040-090-151-05,Privada,Solar,En desuso,,Cataluña esq. Victoria,Bolivar,,,ZU-R2,,,
307,211,Santurce,040-090-151-06,Privada,Solar,En desuso,710,Cataluña  ,Bolivar,,,ZU-R2,,,
308,212,Santurce,040-090-152-01,Privada,Solar,En desuso,707,Cataluña,Bolivar,,,ZU-G2,,,
309,213,Santurce,040-090-152-18,Privada,Edificada,En desuso,702/704,Mayol,Bolivar,,,ZU-G2,,,
310,214,Santurce,040-090-153-18,Privada,Edificada,En desuso,705,Mayol,Bolivar,,,CR-H,,,
311,215,Santurce,040-090-153-19,Privada,Edificada,En desuso,707,Mayol,Bolivar,,,CR-H,,,
312,216,Santurce,040-090-153-20,Privada,,En desuso,709,Mayol,Bolivar,,,ZU-G2,,,
313,217,Santurce,040-090-054-24,Privada,Solar,En desuso,608,Mayol,San Mateo,,,ZU-G2,,,
314,218,Santurce,040-090-054-09,Privada,Solar,En desuso,606,Mayol,San Mateo,,,ZU-R2,,,
315,219,Santurce,040-090-054-10,Privada,Solar,En desuso,604,Mayol,San Mateo,,,ZU-R2,,,
316,220,Santurce,040-080-742-01,Privada,Solar,En desuso,,José Fidalgo,San Mateo,,,ZU-G2,,,
317,221,Santurce,040-080-728-30,Privada,Solar,En desuso,365,Saldaña esq. San Mateo,El Chícharo,,,CR-H,,,
318,222,Santurce,040-070-610-01,Privada,Solar,En desuso,,Bolivar esq. Carolina,El Chícharo,,,ZU-R1,,,
319,223,Santurce,040-070-210-10,Privada,Solar,En desuso,1619,Carolina,El Chícharo,,,ZU-R1,,,
320,224,Santurce,040-070-210-06,Privada,Solar,En desuso,1616,Antonsanti,El Chícharo,,,ZU-R1,,,
321,225,Santurce,041-061-227-27,Privada,Solar,En desuso,,Igualdad,El Chícharo,,,ZU-R1,,,
322,226,Santurce,041-061-227-29,Privada,Solar,En desuso,279,Delbrey,El Chícharo,,,ZU-R1,,,
323,227,Santurce,041-061-227-31,Privada,Solar,En desuso,275,Delbrey,El Chícharo,,,ZU-R1,,,
324,228,Santurce,041-061-227-28,Privada,Edificada,En desuso,271,Delbrey,El Chícharo,,,ZU-R1,,,
325,229,Santurce,041-061-227-37,Privada,Solar,En desuso,255,Delbrey,El Chícharo,,,ZU-R1,,,
326,230,Santurce,041-061-227-01,Privada,Solar,En desuso,253,Delbrey esq. Pumarada,El Chícharo,,,ZU-G1,,,
327,231,Santurce,041-061-227-03,Privada,Edificada,En desuso,250,Diez de Andino esq. Pumarada,El Chícharo,,,ZU-G1,,,
328,232,Santurce,041-061-237-25,Privada,Edificada,En desuso,225,Diez de Andino esq. Pumarada,El Chícharo,,,ZU-R1,,,
329,233,Santurce,041-061-239-15,Privada,Solar,En desuso,245,Diez de Andino  ,El Chícharo,,,ZU-R1,,,
330,234,Santurce,041-061-240-10,Privada,Edificada,En desuso,249,Diez de Andino  ,El Chícharo,,,ZU-R1,,,
331,235,Santurce,041-061-229-03,Privada,Solar,En desuso,288,Diez de Andino  ,El Chícharo,,,ZU-R1,,,
332,236,Santurce,041-071-241-25,Privada,Solar,En desuso,275,Diez de Andino  ,El Chícharo,,,ZU-R1,,,
333,237,Santurce,041-061-227-22,Privada,Solar,En desuso,1755,Manatí,El Chícharo,,,ZU-R1,,,
334,238,Santurce,041-061-225-65,Privada,Solar,En desuso,,Pumarada esq. Taft,El Chícharo,,,ZU-G1,,,
335,239,Santurce,041-061-225-86,Privada,Solar,En desuso,,Marginal Baldorioty de Castro esq. Taft,El Chícharo,,,ZU-G2,,,
336,240,Santurce,041-061-225-06,Privada,Edificada,En desuso,,Marginal Baldorioty de Castro esq. Delbrey,El Chícharo,,,ZU-G2,,,
337,241,Santurce,041-061-225-10,Privada,Edificada,En desuso,216,Delbrey,El Chícharo,,,ZU-R1,,,
338,242,Santurce,041-061-226-11,Privada,Solar,En desuso,219,Delbrey esq. Pumarada,El Chícharo,,,ZU-G1,,,
339,243,Santurce,041-061-249-21,Privada,Edificada,En desuso,,Pumarada esq. Julián Pesante,El Chícharo,,,ZU-G1,,,
340,244,Santurce,041-061-238-09,Privada,Edificada,En desuso,234,Julián Pesante,El Chícharo,,,ZU-R1,,,
341,245,Santurce,041-061-247-16,Privada,Solar,En desuso,237,Julián Pesante,El Chícharo,,,ZU-R1,,,
342,246,Santurce,041-061-248-14,Privada,Solar,En desuso,245,Julián Pesante,El Chícharo,,,ZU-R1,,,
343,247,Santurce,041-061-240-20,Privada,Edificada,En desuso,248,Julián Pesante,El Chícharo,,,ZU-R1,,,
344,248,Santurce,041-061-248-10,Privada,Edificada,En desuso,265,Julián Pesante,El Chícharo,,,ZU-R1,,,
345,249,Santurce,041-061-248-09,Privada,Edificada,En desuso,267,Julián Pesante,El Chícharo,,,ZU-R1,,,
346,250,Santurce,041-071-251-39,Privada,Edificada,En desuso,279,Eduardo Conde esq. Julián Pesante,El Chícharo,,,ZU-G2,,,
347,251,Santurce,041-071-251-11,Privada,Solar,En desuso,355,Quiñones,El Chícharo,,,ZU-R1,,,
348,252,Santurce,041-061-248-06,Privada,Solar,En desuso,330,Quiñones,El Chícharo,,,ZU-R1,,,
349,253,Santurce,041-061-249-13,Privada,Edificada,En desuso,320,Quiñones,El Chícharo,,,ZU-R1,,,
350,254,Santurce,041-061-247-04,Privada,Edificada,En desuso,316,Quiñones,El Chícharo,,,ZU-R1,,,
351,255,Santurce,041-061-247-06,Privada,Edificada,En desuso,306,Quiñones,El Chícharo,,,ZU-R1,,,
352,256,Santurce,041-061-262-11,Privada,Edificada,En desuso,323,Castelar,El Chícharo,,,ZU-R1,,,
353,257,Santurce,041-061-262-10,Privada,Solar,En desuso,325,Castelar,El Chícharo,,,ZU-R1,,,
354,258,Santurce,041-071-251-23,Privada,Solar,En desuso,364,Amalia,El Chícharo,,,ZU-R1,,,
355,259,Santurce,041-071-251-25,Privada,Solar,En desuso,368,Amalia,El Chícharo,,,ZU-R1,,,
356,260,Santurce,041-061-255-19,Privada,Edificada,En desuso,363,Isabela,El Chícharo,,,ZU-R1,,,
357,261,Santurce,041-061-256-05,Privada,Edificada,En desuso,354,Castelar,Seboruco,,,ZU-R1,,,
358,262,Santurce,041-071-256-09,Privada,Solar,En desuso,360,Castelar,Seboruco,,,ZU-R1,,,
359,263,Santurce,041-071-264-27,Privada,Edificada,En desuso,367,Castelar,Seboruco,,,ZU-G2,,,
360,264,Santurce,041-071-256-11,Privada,Edificada,En desuso,372,Castelar,Seboruco,,,ZU-G2,,,
361,265,Santurce,041-061-264-02,Privada,Edificada,En desuso,350,Las Flores,Seboruco,,,ZU-R2,,,
362,266,Santurce,041-061-263-07,Privada,Solar,En desuso,309,Las Flores,Seboruco,,,ZU-R1,,,
363,267,Santurce,041-061-260-12,Privada,Solar,En desuso,306,Las Flores,Seboruco,,,ZU-G1,,,
364,268,Santurce,041-061-268-23,Privada,Edificada,En desuso,,Las Flores esq. Gilberto Monroig,Seboruco,,,ZU-G1,,,
365,269,Santurce,041-051-254-23,Privada,Solar,En desuso,201,Las Flores esq. Marginal Baldorioty de Castro,Seboruco,,,ZU-G2,,,
366,270,Santurce,041-061-260-04,Privada,Solar,En desuso,211,Aponte,Seboruco,,,ZU-R1,,,
367,271,Santurce,041-061-276-19,Privada,Solar,En desuso,1912,Aponte,Seboruco,,,ZU-G1,,,
368,272,Santurce,041-061-268-23,Privada,Solar,En desuso,317,Aponte,Seboruco,,,ZU-R1,,,
369,273,Santurce,041-061-268-34,Privada,Solar,En desuso,387,Denton,Seboruco,,,ZU-R1,,,
370,274,Santurce,041-071-272-17,Privada,Solar,En desuso,389,Denton,Seboruco,,,ZU-R1,,,
371,275,Santurce,041-071-272-16,Privada,Edificada,En desuso,312,Salgado,Seboruco,,,ZU-R1,,,
372,276,Santurce,041-061-268-09,Privada,Solar,En desuso,303,Salgado,Seboruco,,,ZU-R1,,,
373,277,Santurce,041-061-710-30,Privada,Edificada,En desuso,266,Benítez Castaño,Seboruco,,,ZU-R1,,,
374,278,Santurce,041-061-267-35,Privada,Edificada,En desuso,313,Castro Viña,Seboruco,,,ZU-R1,,,
375,279,Santurce,041-061-286-16,Privada,Edificada,En desuso,306,Castro Viña esq. Yauco,Seboruco,,,ZU-R1,,,
376,280,Santurce,041-061-279-11,Privada,Solar,En desuso,303,Castro Viña,Seboruco,,,ZU-G1,,,
377,281,Santurce,041-061-286-23,Privada,,En desuso,262,Castro Viña,Seboruco,,,ZU-R1,,,
378,282,Santurce,041-061-278-11,Privada,,En desuso,256,Castro Viña esq. Dos Palmas,Seboruco,,,ZU-R1,,,
379,283,Santurce,041-061-278-08,Privada,,En desuso,290,Baldrich,Seboruco,,,ZU-R1,,,
380,284,Santurce,041-061-278-20,Privada,,En desuso,,Manuel Corchado esq. Marginal Baldorioty  de Castro,Seboruco,,,ZU-R1,,,
381,285,Santurce,041-062-722-03,Privada,,En desuso,1980,Manuel Corchado  ,Seboruco,,,ZU-R1,,,
382,286,Santurce,041-062-290-01,Privada,Edificada,En desuso,1975,Manuel Corchado,Machuchal,,,ZU-R1,,,
383,287,Santurce,041-062-721-03,Privada,Edificada,En desuso,268,Manuel Corchado,Machuchal,,,ZU-R1,,,
384,288,Santurce,041-062-285-27,Privada,Solar,En desuso,,Manuel Corchado esq. Gilberto Monroig,Machuchal,,,ZU-G1,,,
385,289,Santurce,041-062-291-01,Privada,Solar,En desuso,1957,Manuel Corchado esq. Eduardo Conde,Machuchal,,,ZU-G2,,,
386,290,Santurce,041-071-287-14,Privada,Solar,En desuso,354,Santa Cecilia,Machuchal,,,ZU-R1,,,
387,291,Santurce,041-071-292-04,Privada,Edificada,En desuso,301,Santa Cecilia,Machuchal,,,ZU-G1,,,
388,292,Santurce,041-062-297-01,Privada,Solar,En desuso,,Santa Cecilia esq. Marginal Baldorioty de Castro,Machuchal,,,ZU-G2,,,
389,293,Santurce,041-062-722-01,Privada,Solar,En desuso,,Del Valle esq. Marginal Baldorioty de Castro,Machuchal,,,ZU-G2,,,
390,294,Santurce,041-062-300-01,Privada,Edificada,En desuso,,Del Valle esq. Esquilín,Villa Palmeras,,,ZU-R1,,,
391,295,Santurce,041-062-300-22,Privada,Edificada,En desuso,265,Del Valle,Villa Palmeras,,,ZU-R1,,,
392,296,Santurce,041-062-301-12,Privada,Solar,En desuso,309,Del Valle,Villa Palmeras,,,ZU-R1,,,
393,297,Santurce,041-072-302-21,Privada,Edificada,En desuso,363,Del Valle,Villa Palmeras,,,ZU-R1,,,
394,298,Santurce,041-072-302-10,Privada,Edificada,En desuso,368,Ismael Rivera,Villa Palmeras,,,ZU-R1,,,
395,299,Santurce,041-072-302-27,Privada,Edificada,En desuso,314,Ismael Rivera esq. Barbosa,Villa Palmeras,,,ZU-R2,,,
396,300,Santurce,041-062-301-04,Privada,Solar,En desuso,304,Ismael Rivera,Villa Palmeras,,,ZU-R1,,,
397,301,Santurce,041-062-301-02,Privada,Solar,En desuso,300,Ismael Rivera,Villa Palmeras,,,ZU-G1,,,
398,302,Santurce,041-062-305-28,Privada,Edificada,En desuso,253,Ismael Rivera,Villa Palmeras,,,ZU-R1,,,
399,303,Santurce,041-062-300-03,Privada,Edificada,En desuso,254,Ismael Rivera,Villa Palmeras,,,ZU-R1,,,
400,304,Santurce,041-062-723-01,Privada,Edificada,En desuso,1924,Benítez Castaño esq. Marginal Baldorioty de Castro,Villa Palmeras,,,ZU-R1,,,
401,305,Santurce,041-062-724-11,Privada,Edificada,En desuso,248,Del Río esq. Marginal Baldorioty de Castro,Villa Palmeras,,,ZU-G2,,,
402,306,Santurce,041-062-725-07,Privada,Edificada,En desuso,,Del Río  ,Villa Palmeras,,,ZU-R1,,,
403,307,Santurce,041-062-725-06,Privada,Solar,En desuso,,Del Río esq. Esquilín,Villa Palmeras,,,ZU-R1,,,
404,308,Santurce,041-062-310-24,Privada,Edificada,En desuso,263,Del Río,Villa Palmeras,,,ZU-R1,,,
405,309,Santurce,041-062-310-17,Privada,Edificada,En desuso,277,Del Río,Villa Palmeras,,,ZU-R1,,,
406,310,Santurce,041-062-306-05,Privada,Solar,En desuso,306,Del Río,Villa Palmeras,,,ZU-R1,,,
407,311,Santurce,041-072-312-33,Privada,Edificada,En desuso,357,Del Río,Villa Palmeras,,,ZU-R1,,,
408,312,Santurce,041-072-307-06,Privada,,En desuso,358,Del Río,Villa Palmeras,,,ZU-R1,,,
409,313,Santurce,041-072-312-23,Privada,,En desuso,373,Del Río,Villa Palmeras,,,ZU-R1,,,
410,314,Santurce,041-072-319-50,Privada,,En desuso,372,Rafael Alers,Villa Palmeras,,,ZU-R1,,,
411,315,Santurce,041-072-311-04,Privada,,En desuso,306,Rafael Alers,Villa Palmeras,,,ZU-R1,,,
412,316,Santurce,041-062-315-26,Privada,Solar,En desuso,263,Rafael Alers,Villa Palmeras,,,ZU-R1,,,
413,317,Santurce,041-062-725-05,Privada,Edificada,En desuso,250,Rafael Alers esq. Esquilín,Villa Palmeras,,,ZU-R1,,,
414,318,Santurce,041-062-315-05,Privada,Solar,En desuso,257,Canóvanas,Villa Palmeras,,,ZU-R1,,,
415,319,Santurce,041-062-316-24,Privada,Edificada,En desuso,258,Canóvanas,Villa Palmeras,,,ZU-R1,,,
416,320,Santurce,041-062-315-07,Privada,Solar,En desuso,262,Canóvanas,Villa Palmeras,,,ZU-R1,,,
417,321,Santurce,041-062-322-23,Privada,Solar,En desuso,261,Tapia,Villa Palmeras,,,ZU-G1,,,
418,322,Santurce,041-062-323-36,Privada,Edificada,En desuso,305,Tapia,Villa Palmeras,,,ZU-G1,,,
419,323,Santurce,041-072-324-23,Privada,Solar,En desuso,353,Tapia,Villa Palmeras,,,ZU-G1,,,
420,324,Santurce,041-072-328-18,Privada,Edificada,En desuso,,Degetau esq. Barbosa,Villa Palmeras,,,ZU-G1,,,
421,325,Santurce,041-062-331-35,Privada,Edificada,En desuso,306,Degetau  ,Villa Palmeras,,,ZU-R1,,,
422,326,Santurce,041-072-332-34,Privada,Edificada,En desuso,265,Betances,Villa Palmeras,,,ZU-R1,,,
423,327,Santurce,041-072-333-01,Privada,Solar,En desuso,307,Betances,Villa Palmeras,,,ZU-R2,,,
424,328,Santurce,041-072-329-14,Privada,Solar,En desuso,2062,Betances esq. Barbosa,Villa Palmeras,,,ZU-G2,,,
425,329,Santurce,041-072-333-01,Privada,Solar,En desuso,2061,Betances esq. Eduardo Conde,Villa Palmeras,,,ZU-R2,,,
426,330,Santurce,041-072-335-23,Privada,Solar,En desuso,331,Ruiz Belvis,Villa Palmeras,,,ZU-R1,,,
427,331,Santurce,041-072-335-32,Privada,Edificada,En desuso,313,Ruiz Belvis,Villa Palmeras,,,ZU-R1,,,
428,332,Santurce,041-072-332-04,Privada,Edificada,En desuso,302,Ruiz Belvis,Villa Palmeras,,,ZU-R1,,,
429,333,Santurce,041-062-331-22,Privada,Solar,En desuso,244,Ruiz Belvis,Villa Palmeras,,,ZU-R1,,,
430,334,Santurce,041-062-334-34,Privada,Solar,En desuso,241,Ruiz Belvis,Villa Palmeras,,,ZU-R1,,,
431,335,Santurce,041-062-334-48,Privada,Solar,En desuso,213,Ruiz Belvis,Villa Palmeras,,,ZU-R1,,,
432,336,Santurce,041-062-334-49,Privada,Solar,En desuso,211,Ruiz Belvis,Villa Palmeras,,,ZU-R1,,,
433,337,Santurce,041-062-337-11,Privada,Solar,En desuso,228,Ernesto Vigoreaux,Villa Palmeras,,,ZU-R1,,,
434,338,Santurce,041-062-334-21,Privada,Edificada,En desuso,242,Ernesto Vigoreaux,Villa Palmeras,,,ZU-R1,,,
435,339,Santurce,041-062-337-31,Privada,Edificada,En desuso,247,Ernesto Vigoreaux,Villa Palmeras,,,ZU-R1,,,
436,340,Santurce,041-072-335-18,Privada,Edificada,En desuso,,Ernesto Vigoreaux esq. Barbosa,Villa Palmeras,,,ZU-R2,,,
437,341,Santurce,041-072-339-27,Privada,Edificada,En desuso,365,Ernesto Vigoreaux,Villa Palmeras,,,ZU-R1,,,
438,342,Santurce,041-072-339-21,Privada,Edificada,En desuso,375,Palacios,Villa Palmeras,,,ZU-R1,,,
439,343,Santurce,041-072-346-27,Privada,Solar,En desuso,371,Palacios,Villa Palmeras,,,ZU-R2,,,
440,344,Santurce,041-072-341-22,Privada,Edificada,En desuso,2087,Palacios esq. Barbosa,Villa Palmeras,,,ZU-R1,,,
441,345,Santurce,041-072-337-27,Privada,Edificada,En desuso,2089,Palacios esq. Gilberto Monroig,Villa Palmeras,,,ZU-G1,,,
442,346,Santurce,041-072-337-26,Privada,Edificada,En desuso,246,Palacios,Villa Palmeras,,,ZU-R1,,,
443,347,Santurce,041-062-340-52,Privada,Solar,En desuso,211,Palacios,Villa Palmeras,,,ZU-R1,,,
444,348,Santurce,041-063-343-09,Privada,Solar,En desuso,,Gautier Benítez esq. Henna,Villa Palmeras,,,ZU-R1,,,
445,349,Santurce,041-063-344-37,Privada,Edificada,En desuso,257,Gautier Benítez,Villa Palmeras,,,ZU-R1,,,
446,350,Santurce,041-073-344-21,Privada,Solar,En desuso,2101,Gautier Benítez esq. Gilberto Monroig,Villa Palmeras,,,ZU-G1,,,
447,351,Santurce,041-072-341-13,Privada,Solar,En desuso,324,Gautier Benítez,Villa Palmeras,,,ZU-R1,,,
448,352,Santurce,041-072-345-23,Privada,Solar,En desuso,329,Gautier Benítez,Villa Palmeras,,,ZU-R1,,,
449,353,Santurce,041-063-347-01,Privada,Solar,En desuso,329B,Gautier Benítez,Villa Palmeras,,,,,,
450,354,Santurce,041-072-342-06,Privada,Edificada,En desuso,354,Gautier Benítez,Villa Palmeras,,,ZU-R1,,,
451,355,Santurce,041-072-342-12,Privada,Edificada,En desuso,366,Gautier Benítez,Villa Palmeras,,,ZU-R1,,,
452,356,Santurce,041-082-346-23,Privada,Edificada,En desuso,383,Gautier Benítez,Villa Palmeras,,,ZU-R1,,,
453,357,Santurce,041-072-353-30,Privada,Edificada,En desuso,369,Vizcarrondo,Villa Palmeras,,,ZU-R1,,,
454,358,Santurce,041-072-342-10,Privada,Edificada,En desuso,364,Vizcarrondo,Villa Palmeras,,,ZU-R1,,,
455,359,Santurce,041-072-342-09,Privada,Edificada,En desuso,362,Vizcarrondo,Villa Palmeras,,,ZU-R1,,,
456,360,Santurce,041-072-346-07,Privada,Edificada,En desuso,358,Vizcarrondo,Villa Palmeras,,,ZU-R1,,,
457,361,Santurce,041-072-346-02,Privada,Edificada,En desuso,,Vizcarrondo esq. Barbosa,Villa Palmeras,,,ZU-R2,,,
458,362,Santurce,041-072-345-18,Privada,Edificada,En desuso,,Vizcarrondo esq. Barbosa,Villa Palmeras,,,ZU-R2,,,
459,363,Santurce,041-072-351-18,Privada,Edificada,En desuso,,Vizcarrondo esq. Gilberto Monroig,Villa Palmeras,,,ZU-R2,,,
460,364,Santurce,041-073-349-21,Privada,Edificada,En desuso,,Vizcarrondo esq. Gilberto Monroig,Villa Palmeras,,,ZU-G1,,,
461,365,Santurce,041-063-349-08,Privada,Edificada,En desuso,265,Vizcarrondo,Villa Palmeras,,,ZU-R1,,,
462,366,Santurce,041-063-349-02,Privada,Solar,En desuso,253,Vizcarrondo,Villa Palmeras,,,ZU-R1,,,
463,367,Santurce,041-063-348-07,Privada,Edificada,En desuso,212,Colton,Villa Palmeras,,,ZU-R1,,,
464,368,Santurce,041-063-355-38,Privada,Solar,En desuso,255,Colton,Villa Palmeras,,,ZU-R1,,,
465,369,Santurce,041-063-350-11,Privada,Solar,En desuso,270,Colton,Villa Palmeras,,,ZU-R1,,,
466,370,Santurce,041-073-355-25,Privada,Solar,En desuso,283,Colton,Shangay,,,ZU-R1,,,
467,371,Santurce,041-073-350-19,Privada,Solar,En desuso,284,Colton,Shangay,,,ZU-G1,,,
468,372,Santurce,041-073-356-23,Privada,Solar,En desuso,331,Colton,Shangay,,,ZU-R1,,,
469,373,Santurce,041-082-353-12,Privada,Solar,En desuso,142,Colton,Shangay,,,ZU-R1,,,
470,374,Santurce,041-082-357-14,Privada,Edificada,En desuso,378,Pellín Rodríguez,Shangay,,,ZU-G1,,,
471,375,Santurce,041-082-357-16,Privada,Solar,En desuso,376,Pellín Rodríguez,Shangay,,,ZU-G1,,,
472,376,Santurce,041-083-362-11,Privada,Solar,En desuso,381,Pellín Rodríguez,Shangay,,,ZU-R1,,,
473,377,Santurce,041-073-361-21,Privada,Edificada,En desuso,364,Pellín Rodríguez,Shangay,,,ZU-R2,,,
474,378,Santurce,041-073-361-36,Privada,Solar,En desuso,313,Pellín Rodríguez,Shangay,,,ZU-G1,,,
475,379,Santurce,041-073-356-09,Privada,Solar,En desuso,318,Pellín Rodríguez,Shangay,,,ZU-G1,,,
476,380,Santurce,041-073-356-16,Privada,Solar,En desuso,328,Pellín Rodríguez,Shangay,,,ZU-G1,,,
477,381,Santurce,041-073-361-19,Privada,Solar,En desuso,335,Pellín Rodríguez,Shangay,,,ZU-R1,,,
478,382,Santurce,041-073-364-24,Privada,Solar,En desuso,337,Buenaventura,Shangay,,,ZU-R1,,,
479,383,Santurce,041-073-361-03,Privada,Edificada,En desuso,310,Buenaventura,Shangay,,,ZU-R1,,,
480,384,Santurce,041-073-361-06,Privada,Solar,En desuso,302,Buenaventura,Shangay,,,ZU-R1,,,
481,385,Santurce,041-073-364-04,Privada,Edificada,En desuso,306,Rafael Cepeda,Shangay,,,ZU-R1,,,
482,386,Santurce,041-073-368-08,Privada,Solar,En desuso,314,Rafael Cepeda,Shangay,,,ZU-R1,,,
483,387,Santurce,041-073-364-14,Privada,Solar,En desuso,326,Rafael Cepeda,Shangay,,,ZU-R1,,,
484,388,Santurce,041-073-368-20,Privada,Edificada,En desuso,335,Rafael Cepeda,Shangay,,,ZU-R1,,,
485,389,Santurce,041-083-369-17,Privada,Edificada,En desuso,351,Rafael Cepeda,Shangay,,,ZU-R1,,,
486,390,Santurce,041-083-369-15,Privada,Edificada,En desuso,353,Rafael Cepeda,Shangay,,,ZU-R1,,,
487,391,Santurce,041-083-365-06,Privada,Solar,En desuso,354,Rafael Cepeda,Shangay,,,ZU-R1,,,
488,392,Santurce,041-083-365-08,Privada,Edificada,En desuso,364,Rafael Cepeda,Shangay,,,ZU-R1,,,
489,393,Santurce,041-083-369-19,Privada,Edificada,En desuso,373,Rafael Cepeda,Shangay,,,ZU-R1,,,
490,394,Santurce,041-083-365-14,Privada,Edificada,En desuso,376,Rafael Cepeda,Shangay,,,ZU-R1,,,
491,395,Santurce,041-083-369-03,Privada,Solar,En desuso,385,Rafael Cepeda,Shangay,,,ZU-G2,,,
492,396,Santurce,041-083-365-19,Privada,Edificada,En desuso,,Rafael Cepeda esq. Eduerdo Conde,Shangay,,,ZU-G2,,,
493,397,Santurce,041-083-635-53,Privada,Solar,En desuso,A2,Karla Michelle,Shangay,,,ZU-R1,,,
494,398,Santurce,041-083-382-28,Privada,Edificada,En desuso,,Karla Michelle ,Shangay,,,ZU-R1,,,
495,399,Santurce,041-083-382-11,Privada,Solar,En desuso,,Karla Michelle ,Shangay,,,ZU-R1,,,
496,400,Santurce,041-073-376-09,Privada,Edificada,En desuso,314,Karla Michelle,Shangay,,,ZU-R1,,,
497,401,Santurce,041-073-372-21,Privada,Edificada,En desuso,317,Nuñez Prieto,Shangay,,,ZU-R1,,,
498,402,Santurce,041-073-368-38,Privada,Solar,En desuso,318,Nuñez Prieto,Shangay,,,ZU-R1,,,
499,403,Santurce,041-073-372-30,Privada,Solar,En desuso,307,Nuñez Prieto,Shangay,,,ZU-R1,,,
500,404,Santurce,041-073-367-21,Privada,Edificada,En desuso,2157,Nuñez Prieto,Shangay,,,ZU-R1,,,
501,405,Santurce,041-073-371-42,Privada,Edificada,En desuso,275,Nuñez Prieto,Shangay,,,ZU-R1,,,
502,406,Santurce,041-073-367-08,Privada,Solar,En desuso,266,Nuñez Prieto,Shangay,,,ZU-R1,,,
503,407,Santurce,041-063-367-06,Privada,Edificada,En desuso,260,Nuñez Prieto,Shangay,,,ZU-R1,,,
504,408,Santurce,041-063-370-18,Privada,Edificada,En desuso,223,Nuñez Prieto,Shangay,,,ZU-R1,,,
505,409,Santurce,041-063-370-19,Privada,Edificada,En desuso,221,Nuñez Prieto,Shangay,,,ZU-R1,,,
506,410,Santurce,041-063-370-22,Privada,Edificada,En desuso,217,Nuñez Prieto,Shangay,,,ZU-R1,,,
507,411,Santurce,041-063-370-27,Privada,Solar,En desuso,214,Nuñez Prieto,Shangay,,,ZU-R1,,,
508,412,Santurce,041-063-366-09,Privada,Solar,En desuso,205,Nuñez Prieto,Shangay,,,ZU-R1,,,
509,413,Santurce,041-063-366-04,Privada,Solar,En desuso,204,Nuñez Prieto,Shangay,,,ZU-R1,,,
510,414,Santurce,041-063-366-01,Privada,Solar,En desuso,200,Nuñez Prieto,Shangay,,,ZU-R1,,,
511,415,Santurce,041-063-373-20,Privada,Solar,En desuso,219,Amparo,Shangay,,,ZU-R1,,,
512,416,Santurce,041-063-371-01,Privada,Edificada,En desuso,264,Río Grande,Shangay,,,ZU-R1,,,
513,417,Santurce,041-073-378-22,Privada,Edificada,En desuso,294,Karla Michelle,Shangay,,,ZU-R1,,,
514,418,Santurce,041-073-375-18,Privada,Edificada,En desuso,278,Karla Michelle,Shangay,,,ZU-R1,,,
516,419,Santurce,041-063-380-61,Privada,Solar,En desuso,208,Merhoff,Shangay,,,ZU-R1,,,
517,420,Santurce,041-063-384-22,Privada,Edificada,En desuso,214,Merhoff,Shangay,,,ZU-R1,,,
518,421,Santurce,041-063-384-21,Privada,Edificada,En desuso,217,Merhoff,Shangay,,,ZU-R1,,,
519,422,Santurce,041-073-380-72,Privada,Edificada,En desuso,224,Merhoff,Shangay,,,ZU-R1,,,
520,423,Santurce,041-073-381-04,Privada,Solar,En desuso,304,Merhoff,Shangay,,,ZU-R1,,,
521,424,Santurce,041-073-387-36,Privada,Edificada,En desuso,315,Merhoff,Shangay,,,ZU-R1,,,
522,425,Santurce,041-083-387-31,Privada,Edificada,En desuso,329,Merhoff,Shangay,,,ZU-R1,,,
523,426,Santurce,041-073-381-15,Privada,Edificada,En desuso,330,Merhoff,Shangay,,,ZU-R1,,,
524,427,Santurce,041-083-381-18,Privada,Edificada,En desuso,348,Merhoff,Shangay,,,ZU-R1,,,
525,428,Santurce,041-083-381-19,Privada,Edificada,En desuso,350,Merhoff,Shangay,,,ZU-R1,,,
526,429,Santurce,041-083-381-20,Privada,Edificada,En desuso,352,Merhoff,Shangay,,,ZU-R1,,,
527,430,Santurce,041-083-383-11,Privada,Edificada,En desuso,370,Merhoff,Shangay,,,ZU-R1,,,
528,431,Santurce,041-083-388-26,Privada,Edificada,En desuso,375,Merhoff,Shangay,,,ZU-R1,,,
529,432,Santurce,041-083-394-17,Privada,Edificada,En desuso,,Bartolomé de las Casas esq. Eduardo Conde,Shangay,,,ZU-G2,,,
530,433,Santurce,041-083-394-18,Privada,Edificada,En desuso,301,Bartolomé de las Casas,Shangay,,,ZU-R1,,,
531,434,Santurce,041-083-387-18,Privada,Edificada,En desuso,332,Bartolomé de las Casas,Shangay,,,ZU-R1,,,
532,435,Santurce,041-083-393-35,Privada,Edificada,En desuso,333,Bartolomé de las Casas,Shangay,,,ZU-R1,,,
533,436,Santurce,041-073-617-01,Privada,Edificada,En desuso,285,Bartolomé de las Casas,Shangay,,,ZU-R1,,,
534,437,Santurce,041-073-617-01,Privada,Edificada,En desuso,281,Bartolomé de las Casas,Shangay,,,ZU-R1,,,
535,438,Santurce,041-073-617-03,Privada,Solar,En desuso,279,Bartolomé de las Casas,Shangay,,,ZU-R1,,,
536,439,Santurce,041-073-386-05,Privada,Edificada,En desuso,274,Bartolomé de las Casas,Shangay,,,ZU-R1,,,
537,440,Santurce,041-073-386-01,Privada,Edificada,En desuso,269,Bartolomé de las Casas,Shangay,,,ZU-R1,,,
538,441,Santurce,041-073-384-12,Privada,Edificada,En desuso,224,Bartolomé de las Casas,Shangay,,,ZU-R1,,,
539,442,Santurce,041-063-391-01,Privada,Edificada,En desuso,221,Bartolomé de las Casas,Shangay,,,ZU-R1,,,
540,443,Santurce,041-071-414-06,Privada,Edificada,En desuso,175,San Mateo,Sagrado Corazón,,,ZU-R1,,,
541,444,Santurce,041-071-417-51,Privada,Solar,En desuso,1756,San Mateo,Sagrado Corazón,,,ZU-R1,,,
542,445,Santurce,041-071-417-65,Privada,Edificada,En desuso,,San Mateo esq. El Bosque y Julián Pesante,Sagrado Corazón,,,ZU-R1,,,
543,446,Santurce,041-071-419-18,Privada,Edificada,En desuso,,Julián Pesante esq. El Bosque,Sagrado Corazón,,,ZU-R1,,,
544,447,Santurce,041-071-419-22,Privada,Solar,En desuso,1854,Hernández,Sagrado Corazón,,,ZU-R1,,,
545,448,Santurce,041-071-419-25,Privada,Solar,En desuso,1860,Hernández,Sagrado Corazón,,,ZU-R1,,,
546,449,Santurce,041-071-419-29,Privada,Solar,En desuso,,Hernández ,Sagrado Corazón,,,ZU-R1,,,
547,450,Santurce,041-071-419-30,Privada,Edificada,En desuso,,Hernández,Sagrado Corazón,,,ZU-R1,,,
548,451,Santurce,041-071-419-44,Privada,Solar,En desuso,405,Julián Pesante,Sagrado Corazón,,,ZU-R1,,,
549,452,Santurce,041-071-419-01,Privada,Solar,En desuso,401,Julián Pesante,Sagrado Corazón,,,ZU-G2,,,
550,453,Santurce,041-071-419-04,Privada,Edificada,En desuso,1856,Eduardo Conde  ,Sagrado Corazón,,,ZU-G2,,,
551,454,Santurce,041-071-417-82,Privada,Edificada,En desuso,448,Barbe,Sagrado Corazón,,,ZU-R1,,,
552,455,Santurce,041-081-422-18,Privada,Edificada,En desuso,517,Barbe,Sagrado Corazón,,,ZU-R1,,,
553,456,Santurce,041-071-608-21,Privada,Edificada,En desuso,413,Bouret,Sagrado Corazón,,,ZU-R1,,,
554,457,Santurce,041-071-608-20,Privada,Edificada,En desuso,451,Bouret,Sagrado Corazón,,,ZU-R1,,,
555,458,Santurce,041-081-608-05,Privada,Edificada,En desuso,517,Bouret,Sagrado Corazón,,,ZU-R1,,,
556,459,Santurce,041-081-426-02,Privada,Edificada,En desuso,,San Antonio,Sagrado Corazón,,,ZU-G1,,,
557,460,Santurce,041-081-424-21,Privada,Edificada,En desuso,522,Sagrado Corazón,Sagrado Corazón,,,ZU-G1,,,
558,461,Santurce,041-081-424-16,Privada,Edificada,En desuso,512,Sagrado Corazón,Sagrado Corazón,,,ZU-R1,,,
559,462,Santurce,041-081-424-04,Privada,Edificada,En desuso,462,Sagrado Corazón,Sagrado Corazón,,,ZU-R1,,,
560,463,Santurce,041-082-456-13,Privada,Solar,En desuso,2067,Sagrado Corazón,Barrio Obrero,,,ZU-R1,,,
561,464,Santurce,041-082-456-23,Privada,Solar,En desuso,2071,Sagrado Corazón,Barrio Obrero,,,ZU-R1,,,
562,465,Santurce,063-001-552-18,Privada,Solar,En desuso,728,Brazil,Barrio Obrero,,,ZU-R1,,,
563,466,Santurce,063-001-552-19,Privada,Solar,En desuso,726,Brazil,Barrio Obrero,,,ZU-R1,,,
564,467,Santurce,063-001-553-09,Privada,Solar,En desuso,704,Argentina,Barrio Obrero,,,ZU-R1,,,
565,468,Santurce,063-001-555-40,Privada,Solar,En desuso,716,5,Barrio Obrero,,,ZU-R1,,,
566,469,Santurce,063-001-555-38,Privada,Solar,En desuso,722,5,Barrio Obrero,,,ZU-R1,,,
567,470,Santurce,063-001-555-36,Privada,Solar,En desuso,724,5,Barrio Obrero,,,ZU-R1,,,
568,471,Santurce,041-091-513-14,Privada,Edificada,En desuso,659,7,Barrio Obrero,,,ZU-R1,,,
569,472,Santurce,063-001-557-24,Privada,Solar,En desuso,705,7,Barrio Obrero,,,ZU-R1,,,
570,473,Santurce,063-001-557-23,Privada,Solar,En desuso,707,7,Barrio Obrero,,,ZU-R1,,,
571,474,Santurce,063-001-557-22,Privada,Solar,En desuso,709,7,Barrio Obrero,,,ZU-R1,,,
572,475,Santurce,063-001-557-21,Privada,Solar,En desuso,711,7,Barrio Obrero,,,ZU-R1,,,
573,476,Santurce,063-001-556-10,Privada,Solar,En desuso,710,7,Barrio Obrero,,,ZU-R1,,,
574,477,Santurce,063-001-556-12,Privada,Edificada,En desuso,714,7,Barrio Obrero,,,ZU-R1,,,
575,478,Santurce,063-001-558-23,Privada,Edificada,En desuso,717,8,Barrio Obrero,,,ZU-R1,,,
576,479,Santurce,041-092-515-05,Privada,Edificada,En desuso,652,9,Barrio Obrero,,,ZU-R1,,,
577,480,Santurce,041-092-515-05,Privada,Edificada,En desuso,654,9,Barrio Obrero,,,ZU-R1,,,
578,481,Santurce,041-092-518-05,Privada,Edificada,En desuso,652,10,Barrio Obrero,,,ZU-R1,,,
579,482,Santurce,063-002-560-82,Privada,Edificada,En desuso,723,10,Barrio Obrero,,,ZU-R1,,,
580,483,Santurce,063-002-559-28,Privada,Solar,En desuso,734,10,Barrio Obrero,,,ZU-R1,,,
581,484,Santurce,063-002-559-34,Privada,Edificada,En desuso,744,10,Barrio Obrero,,,ZU-R1,,,
582,485,Santurce,063-002-560-44,Privada,Solar,En desuso,734,11,Barrio Obrero,,,ZU-R1,,,
583,486,Santurce,063-002-561-64,Privada,Edificada,En desuso,734,12,Barrio Obrero,,,ZU-R1,,,
584,487,Santurce,063-002-562-62,Privada,Edificada,En desuso,744,12,Barrio Obrero,,,ZU-R1,,,
585,488,Santurce,063-002-562-61,Privada,Solar,En desuso,746,12,Barrio Obrero,,,ZU-R1,,,
586,489,Santurce,063-002-563-61,Privada,Edificada,En desuso,738,14,Barrio Obrero,,,ZU-R1,,,
587,490,Santurce,063-002-564-34,Privada,Edificada,En desuso,739,14,Barrio Obrero,,,ZU-R1,,,
588,491,Santurce,063-002-564-18,Privada,Solar,En desuso,720,15,Barrio Obrero,,,ZU-R1,,,
589,492,Santurce,063-002-565-28,Privada,Edificada,En desuso,719,15,Barrio Obrero,,,ZU-R1,,,
590,493,Santurce,063-002-566-13,Privada,Solar,En desuso,703,Gautier Benítez,Barrio Obrero,,,ZU-R1,,,
591,494,Santurce,063-002-569-12,Privada,Edificada,En desuso,708,El Faro,Barrio Obrero,,,ZU-R1,,,
592,495,Santurce,063-002-570-13,Privada,Edificada,En desuso,714,San Ciprián,Barrio Obrero,,,ZU-R1,,,
593,496,Santurce,063-002-571-35,Privada,Edificada,En desuso,721,San Ciprián,Barrio Obrero,,,ZU-R1,,,
594,497,Santurce,063-002-572-21,Privada,Edificada,En desuso,713,Webb,Barrio Obrero,,,ZU-R1,,,
595,498,Santurce,063-002-541-24,Privada,Edificada,En desuso,621,Webb,Barrio Obrero,,,ZU-R1,,,
